日期,开盘,收盘,最高,最低,成交量,成交额,振幅,涨跌幅,涨跌额,换手率
2023-06-13,1.004,1.01,1.011,1.004,14664,147576790.0,0.01,-99.0,-99.587,0.66
2023-06-14,1.013,1.013,1.016,1.012,2621,26557238.0,0.4,0.3,0.003,0.12
2023-06-15,1.011,1.008,1.012,1.003,4665,47081437.0,0.89,-0.49,-0.005,0.21
2023-06-16,1.003,1.003,1.007,1.002,5258,52791565.0,0.5,-0.5,-0.005,0.24
2023-06-19,1.002,1.003,1.004,1.002,1077,10803103.0,0.2,0.0,0.0,0.05
2023-06-20,1.003,1.003,1.004,1.003,201,2014565.0,0.1,0.0,0.0,0.01
2023-06-21,1.004,1.006,1.006,1.003,1988,19983058.0,0.3,0.3,0.003,0.09
2023-06-26,1.006,1.007,1.007,1.006,857,8623225.0,0.1,0.1,0.001,0.04
2023-06-27,1.007,1.007,1.008,1.006,1531,15406827.0,0.2,0.0,0.0,0.07
2023-06-28,1.008,1.007,1.008,1.007,705,7101812.0,0.1,0.0,0.0,0.03
2023-06-29,1.007,1.008,1.008,1.007,533,5371364.0,0.1,0.1,0.001,0.02
2023-06-30,1.01,1.012,1.012,1.01,2873,29040895.0,0.2,0.4,0.004,0.13
2023-07-03,1.012,1.012,1.013,1.011,1503,15207487.0,0.2,0.0,0.0,0.07
2023-07-04,1.011,1.011,1.012,1.011,2039,20621979.0,0.1,-0.1,-0.001,0.09
2023-07-05,1.011,1.012,1.012,1.011,1480,14960517.0,0.1,0.1,0.001,0.07
2023-07-06,1.012,1.012,1.013,1.012,1869,18918741.0,0.1,0.0,0.0,0.08
2023-07-07,1.011,1.012,1.013,1.011,2009,20332863.0,0.2,0.0,0.0,0.09
2023-07-10,1.012,1.013,1.013,1.011,1943,19664429.0,0.2,0.1,0.001,0.09
2023-07-11,1.013,1.014,1.014,1.013,2064,20920897.0,0.1,0.1,0.001,0.09
2023-07-12,1.014,1.014,1.015,1.014,1871,18967033.0,0.1,0.0,0.0,0.08
2023-07-13,1.014,1.014,1.014,1.014,2037,20652313.0,0.0,0.0,0.0,0.09
2023-07-14,1.014,1.014,1.014,1.013,1787,18110559.0,0.1,0.0,0.0,0.08
2023-07-17,1.013,1.014,1.015,1.013,979,9923281.0,0.2,0.0,0.0,0.04
2023-07-18,1.015,1.016,1.016,1.015,2083,21156483.0,0.1,0.2,0.002,0.09
2023-07-19,1.017,1.017,1.019,1.016,2362,24018834.0,0.3,0.1,0.001,0.11
2023-07-20,1.017,1.018,1.018,1.016,2208,22443600.0,0.2,0.1,0.001,0.1
2023-07-21,1.018,1.02,1.02,1.018,2884,29382672.0,0.2,0.2,0.002,0.13
2023-07-24,1.022,1.021,1.022,1.02,4396,44878995.0,0.2,0.1,0.001,0.2
2023-07-25,1.014,1.016,1.02,1.014,5872,59759628.0,0.59,-0.49,-0.005,0.26
2023-07-26,1.016,1.016,1.016,1.015,8536,86630165.0,0.1,0.0,0.0,0.38
2023-07-27,1.017,1.018,1.018,1.016,10323,104986655.0,0.2,0.2,0.002,0.46
2023-07-28,1.018,1.017,1.018,1.016,12439,126440566.0,0.2,-0.1,-0.001,0.56
2023-07-31,1.017,1.015,1.017,1.014,11790,119703260.0,0.29,-0.2,-0.002,0.53
2023-08-01,1.015,1.016,1.017,1.015,11893,120890873.0,0.2,0.1,0.001,0.53
2023-08-02,1.016,1.017,1.018,1.016,13330,135616616.0,0.2,0.1,0.001,0.6
2023-08-03,1.017,1.018,1.018,1.017,12143,123636495.0,0.1,0.1,0.001,0.55
2023-08-04,1.018,1.019,1.02,1.017,11777,119998924.0,0.29,0.1,0.001,0.53
2023-08-07,1.019,1.02,1.02,1.019,10621,108327575.0,0.1,0.1,0.001,0.48
2023-08-08,1.02,1.02,1.021,1.02,13665,139464589.0,0.1,0.0,0.0,0.61
2023-08-09,1.021,1.021,1.021,1.02,14672,149744300.0,0.1,0.1,0.001,0.66
2023-08-10,1.021,1.02,1.021,1.02,11994,122355459.0,0.1,-0.1,-0.001,0.54
2023-08-11,1.02,1.021,1.021,1.02,11151,113807925.0,0.1,0.1,0.001,0.5
2023-08-14,1.022,1.023,1.024,1.021,13037,133392999.0,0.29,0.2,0.002,0.59
2023-08-15,1.024,1.031,1.032,1.024,12829,132071247.0,0.78,0.78,0.008,0.58
2023-08-16,1.032,1.033,1.034,1.032,10786,111350237.0,0.19,0.19,0.002,0.49
2023-08-17,1.034,1.032,1.034,1.031,12076,124616231.0,0.29,-0.1,-0.001,0.54
2023-08-18,1.032,1.034,1.034,1.031,10776,111291537.0,0.29,0.19,0.002,0.48
2023-08-21,1.034,1.042,1.042,1.034,18821,195355356.0,0.77,0.77,0.008,0.85
2023-08-22,1.04,1.041,1.042,1.039,16703,173810301.0,0.29,-0.1,-0.001,0.75
2023-08-23,1.04,1.041,1.042,1.04,13599,141558884.0,0.19,0.0,0.0,0.61
2023-08-24,1.042,1.042,1.043,1.041,17103,178236078.0,0.19,0.1,0.001,0.77
2023-08-25,1.043,1.041,1.044,1.04,14517,151339313.0,0.38,-0.1,-0.001,0.65
2023-08-28,1.04,1.039,1.04,1.022,23276,241541134.0,1.73,-0.19,-0.002,1.05
2023-08-29,1.039,1.037,1.04,1.036,13376,138745846.0,0.38,-0.19,-0.002,0.6
2023-08-30,1.036,1.038,1.04,1.034,13858,143851901.0,0.58,0.1,0.001,0.62
2023-08-31,1.038,1.039,1.039,1.038,11775,122252533.0,0.1,0.1,0.001,0.53
2023-09-01,1.039,1.035,1.039,1.035,8908,92322201.0,0.38,-0.38,-0.004,0.4
2023-09-04,1.033,1.027,1.034,1.027,20085,206693107.0,0.68,-0.77,-0.008,0.9
2023-09-05,1.028,1.027,1.029,1.027,11113,114179041.0,0.19,0.0,0.0,0.5
2023-09-06,1.027,1.023,1.028,1.023,13334,136683622.0,0.49,-0.39,-0.004,0.6
2023-09-07,1.022,1.019,1.023,1.019,9390,95913946.0,0.39,-0.39,-0.004,0.42
2023-09-08,1.02,1.021,1.036,1.019,12779,130470574.0,1.67,0.2,0.002,0.57
2023-09-11,1.021,1.021,1.021,1.019,11934,121743015.0,0.2,0.0,0.0,0.54
2023-09-12,1.022,1.023,1.024,1.022,11873,121412063.0,0.2,0.2,0.002,0.53
2023-09-13,1.023,1.024,1.025,1.022,12265,125561273.0,0.29,0.1,0.001,0.55
2023-09-14,1.024,1.029,1.029,1.024,11145,114311525.0,0.49,0.49,0.005,0.5
2023-09-15,1.03,1.025,1.03,1.025,14014,143799855.0,0.49,-0.39,-0.004,0.63
2023-09-18,1.023,1.021,1.023,1.019,10931,111517338.0,0.39,-0.39,-0.004,0.49
2023-09-19,1.022,1.022,1.023,1.021,12125,123925327.0,0.2,0.1,0.001,0.55
2023-09-20,1.021,1.021,1.022,1.02,6245,63756980.0,0.2,-0.1,-0.001,0.28
2023-09-21,1.021,1.024,1.024,1.02,12450,127244569.0,0.39,0.29,0.003,0.56
2023-09-22,1.024,1.021,1.024,1.02,11474,117230430.0,0.39,-0.29,-0.003,0.52
2023-09-25,1.021,1.017,1.021,1.016,10705,109052933.0,0.49,-0.39,-0.004,0.48
2023-09-26,1.017,1.017,1.017,1.015,14400,146365715.0,0.2,0.0,0.0,0.65
2023-09-27,1.018,1.018,1.018,1.017,6934,70548626.0,0.1,0.1,0.001,0.31
2023-09-28,1.019,1.023,1.023,1.018,1700,17356800.0,0.49,0.49,0.005,0.08
2023-10-09,1.023,1.022,1.028,1.022,12827,131178142.0,0.59,-0.1,-0.001,0.58
2023-10-10,1.022,1.021,1.022,1.021,10896,111265383.0,0.1,-0.1,-0.001,0.49
2023-10-11,1.019,1.019,1.021,1.018,8475,86356277.0,0.29,-0.2,-0.002,0.38
2023-10-12,1.017,1.019,1.019,1.016,10187,103716800.0,0.29,0.0,0.0,0.46
2023-10-13,1.016,1.021,1.022,1.016,10039,102447396.0,0.59,0.2,0.002,0.45
2023-10-16,1.022,1.022,1.023,1.021,10463,106897704.0,0.2,0.1,0.001,0.47
2023-10-17,1.021,1.021,1.022,1.02,8234,84038470.0,0.2,-0.1,-0.001,0.37
2023-10-18,1.021,1.02,1.022,1.02,8414,85903668.0,0.2,-0.1,-0.001,0.38
2023-10-19,1.02,1.017,1.02,1.016,10656,108474044.0,0.39,-0.29,-0.003,0.48
2023-10-20,1.017,1.019,1.019,1.016,6248,63593861.0,0.29,0.2,0.002,0.28
2023-10-23,1.019,1.021,1.022,1.019,12044,122956659.0,0.29,0.2,0.002,0.54
2023-10-24,1.021,1.02,1.021,1.018,10899,111122681.0,0.29,-0.1,-0.001,0.49
2023-10-25,1.019,1.02,1.02,1.017,12871,131082045.0,0.29,0.0,0.0,0.58
2023-10-26,1.02,1.019,1.021,1.018,8722,88913364.0,0.29,-0.1,-0.001,0.39
2023-10-27,1.02,1.018,1.02,1.017,10083,102625200.0,0.29,-0.1,-0.001,0.45
2023-10-30,1.018,1.018,1.019,1.018,9700,98774248.0,0.1,0.0,0.0,0.44
2023-10-31,1.019,1.02,1.02,1.017,10998,112134885.0,0.29,0.2,0.002,0.49
2023-11-01,1.02,1.022,1.022,1.02,10592,108187288.0,0.2,0.2,0.002,0.48
2023-11-02,1.022,1.024,1.025,1.022,8803,90056030.0,0.29,0.2,0.002,0.4
2023-11-03,1.025,1.025,1.025,1.023,5298,54255659.0,0.2,0.1,0.001,0.24
2023-11-06,1.025,1.026,1.026,1.023,9747,99949701.0,0.29,0.1,0.001,0.44
2023-11-07,1.026,1.026,1.028,1.025,9167,94059064.0,0.29,0.0,0.0,0.41
2023-11-08,1.026,1.027,1.027,1.024,10911,111944760.0,0.29,0.1,0.001,0.49
2023-11-09,1.027,1.028,1.029,1.027,10147,104335703.0,0.19,0.1,0.001,0.46
2023-11-10,1.029,1.029,1.029,1.027,6189,63682876.0,0.19,0.1,0.001,0.28
2023-11-13,1.029,1.031,1.032,1.029,10292,106073564.0,0.29,0.19,0.002,0.46
2023-11-14,1.031,1.029,1.031,1.029,10916,112427701.0,0.19,-0.19,-0.002,0.49
2023-11-15,1.028,1.028,1.03,1.028,6599,67886547.0,0.19,-0.1,-0.001,0.3
2023-11-16,1.028,1.03,1.03,1.028,11858,122057790.0,0.19,0.19,0.002,0.53
2023-11-17,1.03,1.032,1.032,1.029,6874,70829498.0,0.29,0.19,0.002,0.31
2023-11-20,1.032,1.032,1.032,1.031,10019,103370948.0,0.1,0.0,0.0,0.45
2023-11-21,1.032,1.032,1.032,1.031,3974,41002064.0,0.1,0.0,0.0,0.18
2023-11-22,1.031,1.03,1.031,1.029,9744,100378103.0,0.19,-0.19,-0.002,0.44
2023-11-23,1.028,1.027,1.029,1.027,7617,78227067.0,0.19,-0.29,-0.003,0.34
2023-11-24,1.029,1.027,1.029,1.026,10480,107675947.0,0.29,0.0,0.0,0.47
2023-11-27,1.027,1.025,1.028,1.025,11355,116489612.0,0.29,-0.19,-0.002,0.51
2023-11-28,1.027,1.028,1.028,1.026,9526,97855985.0,0.2,0.29,0.003,0.43
2023-11-29,1.028,1.029,1.029,1.027,11510,118325112.0,0.19,0.1,0.001,0.52
2023-11-30,1.029,1.031,1.031,1.029,6132,63181877.0,0.19,0.19,0.002,0.28
2023-12-01,1.031,1.031,1.031,1.03,11524,118775965.0,0.1,0.0,0.0,0.52
2023-12-04,1.031,1.03,1.031,1.03,10630,109537231.0,0.1,-0.1,-0.001,0.48
2023-12-05,1.031,1.031,1.031,1.029,9037,93049597.0,0.19,0.1,0.001,0.41
2023-12-06,1.031,1.032,1.033,1.031,13047,134679195.0,0.19,0.1,0.001,0.59
2023-12-07,1.032,1.034,1.035,1.031,12924,133486719.0,0.39,0.19,0.002,0.58
2023-12-08,1.034,1.034,1.035,1.033,10146,104893349.0,0.19,0.0,0.0,0.46
2023-12-11,1.035,1.037,1.038,1.034,6646,68907944.0,0.39,0.29,0.003,0.3
2023-12-12,1.037,1.035,1.037,1.034,9236,95633656.0,0.29,-0.19,-0.002,0.42
2023-12-13,1.036,1.038,1.04,1.036,12136,125813421.0,0.39,0.29,0.003,0.55
2023-12-14,1.037,1.037,1.039,1.037,12897,133859307.0,0.19,-0.1,-0.001,0.58
2023-12-15,1.037,1.041,1.041,1.037,15682,162962332.0,0.39,0.39,0.004,0.71
2023-12-18,1.043,1.045,1.046,1.042,13587,141651721.0,0.38,0.38,0.004,0.61
2023-12-19,1.044,1.045,1.046,1.044,13445,140461136.0,0.19,0.0,0.0,0.6
2023-12-20,1.044,1.045,1.046,1.043,12346,128998352.0,0.29,0.0,0.0,0.56
2023-12-21,1.045,1.049,1.05,1.045,12968,135630418.0,0.48,0.38,0.004,0.58
2023-12-22,1.053,1.054,1.055,1.053,13402,141184843.0,0.19,0.48,0.005,0.6
2023-12-25,1.054,1.06,1.061,1.054,13139,138871777.0,0.66,0.57,0.006,0.59
2023-12-26,1.059,1.056,1.061,1.054,14562,154069073.0,0.66,-0.38,-0.004,0.65
2023-12-27,1.057,1.055,1.059,1.054,14539,153469595.0,0.47,-0.09,-0.001,0.65
2023-12-28,1.057,1.056,1.059,1.052,16117,170102092.0,0.66,0.09,0.001,0.72
2023-12-29,1.056,1.058,1.06,1.054,6228,65773691.0,0.57,0.19,0.002,0.28
2024-01-02,1.058,1.056,1.058,1.056,13490,142520792.0,0.19,-0.19,-0.002,0.61
2024-01-03,1.056,1.054,1.056,1.036,14360,151249921.0,1.89,-0.19,-0.002,0.65
2024-01-04,1.054,1.056,1.057,1.054,7519,79398646.0,0.28,0.19,0.002,0.34
2024-01-05,1.057,1.061,1.064,1.057,5262,55821496.0,0.66,0.47,0.005,0.24
2024-01-08,1.061,1.062,1.063,1.06,14368,152626455.0,0.28,0.09,0.001,0.65
2024-01-09,1.064,1.067,1.069,1.064,11169,119116186.0,0.47,0.47,0.005,0.5
2024-01-10,1.067,1.067,1.07,1.066,15187,162032611.0,0.37,0.0,0.0,0.68
2024-01-11,1.066,1.065,1.067,1.064,18214,194006734.0,0.28,-0.19,-0.002,0.82
2024-01-12,1.066,1.063,1.066,1.062,14095,149955626.0,0.38,-0.19,-0.002,0.63
2024-01-15,1.062,1.065,1.065,1.061,17142,182382103.0,0.38,0.19,0.002,0.77
2024-01-16,1.064,1.065,1.065,1.064,15569,165780621.0,0.09,0.0,0.0,0.7
2024-01-17,1.064,1.067,1.067,1.064,14516,154713597.0,0.28,0.19,0.002,0.65
2024-01-18,1.068,1.068,1.07,1.066,20321,217261614.0,0.37,0.09,0.001,0.91
2024-01-19,1.068,1.07,1.071,1.068,21669,231707831.0,0.28,0.19,0.002,0.97
2024-01-22,1.071,1.078,1.08,1.071,31305,336570199.0,0.84,0.75,0.008,1.41
2024-01-23,1.08,1.079,1.08,1.076,21857,235683708.0,0.37,0.09,0.001,0.98
2024-01-24,1.077,1.078,1.081,1.076,25808,278396114.0,0.46,-0.09,-0.001,1.16
2024-01-25,1.078,1.078,1.08,1.075,19422,209291198.0,0.46,0.0,0.0,0.87
2024-01-26,1.079,1.08,1.081,1.078,19724,212909877.0,0.28,0.19,0.002,0.89
2024-01-29,1.079,1.08,1.08,1.079,20152,217518083.0,0.09,0.0,0.0,0.91
2024-01-30,1.084,1.09,1.091,1.081,26827,291516435.0,0.93,0.93,0.01,1.21
2024-01-31,1.097,1.1,1.1,1.093,25532,280309589.0,0.64,0.92,0.01,1.15
2024-02-01,1.1,1.099,1.107,1.095,58861,646657616.0,1.09,-0.09,-0.001,2.65
2024-02-02,1.099,1.099,1.1,1.097,22525,247523062.0,0.27,0.0,0.0,1.01
2024-02-05,1.107,1.11,1.11,1.103,33531,371495774.0,0.64,1.0,0.011,1.51
2024-02-06,1.108,1.102,1.109,1.097,37348,412726846.0,1.08,-0.72,-0.008,1.68
2024-02-07,1.098,1.105,1.108,1.097,25783,284411913.0,1.0,0.27,0.003,1.16
2024-02-08,1.106,1.103,1.109,1.101,40574,448603493.0,0.72,-0.18,-0.002,1.82
2024-02-19,1.101,1.105,1.105,1.098,26159,288359816.0,0.63,0.18,0.002,1.18
2024-02-20,1.106,1.109,1.109,1.106,26672,295472039.0,0.27,0.36,0.004,1.2
2024-02-21,1.11,1.11,1.112,1.107,34775,385892311.0,0.45,0.09,0.001,1.56
2024-02-22,1.11,1.11,1.11,1.109,34317,380838819.0,0.09,0.0,0.0,1.54
2024-02-23,1.112,1.116,1.116,1.111,28111,313071364.0,0.45,0.54,0.006,1.26
2024-02-26,1.115,1.12,1.121,1.115,31044,346827565.0,0.54,0.36,0.004,1.4
2024-02-27,1.126,1.129,1.13,1.125,54706,617397484.0,0.45,0.8,0.009,2.46
2024-02-28,1.128,1.13,1.13,1.125,51342,579070768.0,0.44,0.09,0.001,2.31
2024-02-29,1.134,1.141,1.141,1.133,57743,656683045.0,0.71,0.97,0.011,2.6
2024-03-01,1.138,1.131,1.141,1.129,65764,746049924.0,1.05,-0.88,-0.01,2.96
2024-03-04,1.131,1.137,1.138,1.131,79654,905032883.0,0.62,0.53,0.006,3.58
2024-03-05,1.137,1.137,1.139,1.136,66030,751029476.0,0.26,0.0,0.0,2.97
2024-03-06,1.138,1.145,1.145,1.137,70554,804937896.0,0.7,0.7,0.008,3.17
2024-03-07,1.152,1.149,1.153,1.143,78044,896960098.0,0.87,0.35,0.004,3.51
2024-03-08,1.149,1.148,1.152,1.146,75202,863629483.0,0.52,-0.09,-0.001,3.38
2024-03-11,1.148,1.14,1.148,1.14,73840,844335672.0,0.7,-0.7,-0.008,3.32
2024-03-12,1.135,1.125,1.135,1.124,105827,1194601517.0,0.96,-1.32,-0.015,4.76
2024-03-13,1.12,1.122,1.123,1.111,84477,943790108.0,1.07,-0.27,-0.003,3.8
2024-03-14,1.122,1.123,1.127,1.117,71270,800555940.0,0.89,0.09,0.001,3.2
2024-03-15,1.124,1.128,1.13,1.124,86503,975676725.0,0.53,0.45,0.005,3.89
2024-03-18,1.129,1.132,1.132,1.128,71046,803489720.0,0.35,0.35,0.004,3.19
2024-03-19,1.135,1.144,1.145,1.135,84424,961207557.0,0.88,1.06,0.012,3.8
2024-03-20,1.142,1.141,1.144,1.139,75961,867130380.0,0.44,-0.26,-0.003,3.42
2024-03-21,1.138,1.139,1.141,1.134,79743,907536451.0,0.61,-0.18,-0.002,3.59
2024-03-22,1.143,1.138,1.144,1.135,64054,730765216.0,0.79,-0.09,-0.001,2.88
2024-03-25,1.133,1.132,1.137,1.13,62647,709990430.0,0.62,-0.53,-0.006,2.82
2024-03-26,1.132,1.132,1.134,1.131,48819,552626650.0,0.27,0.0,0.0,2.2
2024-03-27,1.132,1.134,1.135,1.132,51860,587474679.0,0.27,0.18,0.002,2.33
2024-03-28,1.138,1.139,1.14,1.135,55800,635461012.0,0.44,0.44,0.005,2.51
2024-03-29,1.137,1.14,1.14,1.135,59318,674936117.0,0.44,0.09,0.001,2.67
2024-04-01,1.136,1.135,1.137,1.134,56568,642025778.0,0.26,-0.44,-0.005,2.54
2024-04-02,1.135,1.134,1.137,1.134,78208,888073525.0,0.26,-0.09,-0.001,3.52
2024-04-03,1.137,1.14,1.14,1.136,58247,663046169.0,0.35,0.53,0.006,2.62
2024-04-08,1.141,1.139,1.142,1.137,53550,609844348.0,0.44,-0.09,-0.001,2.41
2024-04-09,1.139,1.14,1.14,1.138,45307,516280060.0,0.18,0.09,0.001,2.04
2024-04-10,1.139,1.137,1.139,1.136,51836,589164037.0,0.26,-0.26,-0.003,2.33
2024-04-11,1.135,1.13,1.136,1.13,49506,560886348.0,0.53,-0.62,-0.007,2.23
2024-04-12,1.134,1.134,1.135,1.132,43510,493547868.0,0.27,0.35,0.004,1.96
2024-04-15,1.135,1.135,1.136,1.134,31246,354648551.0,0.18,0.09,0.001,1.41
2024-04-16,1.135,1.137,1.137,1.134,28486,323393109.0,0.26,0.18,0.002,1.28
2024-04-17,1.139,1.14,1.142,1.137,39465,450027430.0,0.44,0.26,0.003,1.77
2024-04-18,1.141,1.145,1.146,1.141,46013,525771080.0,0.44,0.44,0.005,2.07
2024-04-19,1.146,1.147,1.149,1.146,60289,691792645.0,0.26,0.17,0.002,2.71
2024-04-22,1.149,1.152,1.152,1.149,42111,484673703.0,0.26,0.44,0.005,1.89
2024-04-23,1.153,1.158,1.158,1.153,65509,757036945.0,0.43,0.52,0.006,2.95
2024-04-24,1.155,1.145,1.155,1.144,65351,739790804.0,0.95,-1.12,-0.013,2.94
2024-04-25,1.143,1.139,1.145,1.139,49067,553039608.0,0.52,-0.52,-0.006,2.21
2024-04-26,1.139,1.134,1.143,1.134,49780,558984976.0,0.79,-0.44,-0.005,2.24
2024-04-29,1.134,1.122,1.134,1.117,47161,522054033.0,1.5,-1.06,-0.012,2.12
2024-04-30,1.125,1.13,1.131,1.125,33483,373061506.0,0.53,0.71,0.008,1.51
2024-05-06,1.13,1.128,1.13,1.126,51506,573779517.0,0.35,-0.18,-0.002,2.32
2024-05-07,1.129,1.132,1.132,1.129,51234,571610589.0,0.27,0.35,0.004,2.3
2024-05-08,1.131,1.132,1.133,1.13,47788,533670818.0,0.27,0.0,0.0,2.15
2024-05-09,1.129,1.128,1.131,1.125,43999,490193998.0,0.53,-0.35,-0.004,1.98
2024-05-10,1.127,1.123,1.129,1.122,47349,525504684.0,0.62,-0.44,-0.005,2.13
2024-05-13,1.125,1.129,1.129,1.125,46111,513130422.0,0.36,0.53,0.006,2.07
2024-05-14,1.13,1.13,1.132,1.13,39846,444742348.0,0.18,0.09,0.001,1.79
2024-05-15,1.131,1.129,1.132,1.128,41157,458991197.0,0.35,-0.09,-0.001,1.85
2024-05-16,1.129,1.125,1.129,1.124,40875,454125529.0,0.44,-0.35,-0.004,1.84
2024-05-17,1.122,1.123,1.125,1.12,55039,609536713.0,0.44,-0.18,-0.002,2.47
2024-05-20,1.125,1.126,1.126,1.124,36920,409976868.0,0.18,0.27,0.003,1.66
2024-05-21,1.125,1.124,1.125,1.123,27707,307293441.0,0.18,-0.18,-0.002,1.25
2024-05-22,1.125,1.126,1.127,1.124,34113,379002765.0,0.27,0.18,0.002,1.53
2024-05-23,1.128,1.129,1.13,1.128,43291,482368191.0,0.18,0.27,0.003,1.95
2024-05-24,1.131,1.128,1.132,1.127,34343,382622588.0,0.44,-0.09,-0.001,1.54
2024-05-27,1.127,1.128,1.129,1.127,31659,352238444.0,0.18,0.0,0.0,1.42
2024-05-28,1.13,1.132,1.133,1.129,41017,458092436.0,0.35,0.35,0.004,1.84
2024-05-29,1.136,1.136,1.137,1.133,36183,405538967.0,0.35,0.35,0.004,1.63
2024-05-30,1.137,1.139,1.139,1.135,36380,408517082.0,0.35,0.26,0.003,1.64
2024-05-31,1.13,1.131,1.134,1.13,65378,730416980.0,0.35,-0.7,-0.008,2.94
2024-06-03,1.131,1.133,1.134,1.131,39790,444773813.0,0.27,0.18,0.002,1.79
2024-06-04,1.133,1.133,1.134,1.132,40987,458238684.0,0.18,0.0,0.0,1.84
2024-06-05,1.134,1.135,1.135,1.133,41404,463492157.0,0.18,0.18,0.002,1.86
2024-06-06,1.135,1.134,1.136,1.134,33476,374826925.0,0.18,-0.09,-0.001,1.51
2024-06-07,1.136,1.136,1.136,1.134,37471,419869942.0,0.18,0.18,0.002,1.68
2024-06-11,1.137,1.138,1.139,1.136,29106,326872395.0,0.26,0.18,0.002,1.31
2024-06-12,1.138,1.137,1.139,1.137,27386,307447670.0,0.18,-0.09,-0.001,1.23
2024-06-13,1.138,1.14,1.14,1.137,40303,452946997.0,0.26,0.26,0.003,1.81
2024-06-14,1.142,1.143,1.143,1.141,44998,507229869.0,0.18,0.26,0.003,2.02
2024-06-17,1.144,1.145,1.146,1.143,48240,544764954.0,0.26,0.17,0.002,2.17
2024-06-18,1.145,1.149,1.149,1.145,42219,478147892.0,0.35,0.35,0.004,1.9
2024-06-19,1.15,1.149,1.151,1.146,41032,465068163.0,0.44,0.0,0.0,1.85
2024-06-20,1.151,1.154,1.154,1.15,42349,481544858.0,0.35,0.44,0.005,1.9
2024-06-21,1.151,1.148,1.153,1.145,43087,488590807.0,0.69,-0.52,-0.006,1.94
2024-06-24,1.148,1.153,1.153,1.147,40645,461656085.0,0.52,0.44,0.005,1.83
2024-06-25,1.154,1.156,1.157,1.154,46566,531361548.0,0.26,0.26,0.003,2.09
2024-06-26,1.156,1.156,1.157,1.154,52043,593845273.0,0.26,0.0,0.0,2.34
2024-06-27,1.155,1.159,1.159,1.155,46093,526841971.0,0.35,0.26,0.003,2.07
2024-06-28,1.16,1.162,1.163,1.159,45994,526931005.0,0.35,0.26,0.003,2.07
2024-07-01,1.162,1.15,1.166,1.149,84626,966647273.0,1.46,-1.03,-0.012,3.81
2024-07-02,1.148,1.153,1.154,1.148,60845,691488622.0,0.52,0.26,0.003,2.74
2024-07-03,1.153,1.155,1.155,1.151,57294,652245335.0,0.35,0.17,0.002,2.58
2024-07-04,1.154,1.151,1.154,1.151,56371,641124456.0,0.26,-0.35,-0.004,2.53
2024-07-05,1.15,1.147,1.151,1.146,48731,552179828.0,0.43,-0.35,-0.004,2.19
2024-07-08,1.142,1.144,1.146,1.14,57403,647230087.0,0.52,-0.26,-0.003,2.58
2024-07-09,1.146,1.149,1.15,1.146,41321,468241685.0,0.35,0.44,0.005,1.86
2024-07-10,1.147,1.148,1.149,1.147,39681,449488098.0,0.17,-0.09,-0.001,1.78
2024-07-11,1.147,1.148,1.149,1.147,31765,359821462.0,0.17,0.0,0.0,1.43
2024-07-12,1.15,1.151,1.152,1.15,48613,552294507.0,0.17,0.26,0.003,2.19
2024-07-15,1.151,1.153,1.154,1.151,39146,445459430.0,0.26,0.17,0.002,1.76
2024-07-16,1.153,1.152,1.154,1.148,51172,581869115.0,0.52,-0.09,-0.001,2.3
2024-07-17,1.153,1.152,1.154,1.151,28757,327099475.0,0.26,0.0,0.0,1.29
2024-07-18,1.153,1.151,1.153,1.151,20960,238152435.0,0.17,-0.09,-0.001,0.94
2024-07-19,1.151,1.152,1.153,1.15,24133,274307546.0,0.26,0.09,0.001,1.09
2024-07-22,1.155,1.156,1.156,1.154,47519,541753899.0,0.17,0.35,0.004,2.14
2024-07-23,1.156,1.157,1.158,1.156,38947,444660035.0,0.17,0.09,0.001,1.75
2024-07-24,1.156,1.158,1.158,1.155,37313,425967986.0,0.26,0.09,0.001,1.68
2024-07-25,1.159,1.161,1.161,1.159,49353,565386711.0,0.17,0.26,0.003,2.22
2024-07-26,1.165,1.165,1.166,1.163,43519,500387553.0,0.26,0.34,0.004,1.96
2024-07-29,1.166,1.17,1.171,1.166,29807,343643109.0,0.43,0.43,0.005,1.34
2024-07-30,1.173,1.175,1.177,1.172,53180,616701091.0,0.43,0.43,0.005,2.39
2024-07-31,1.177,1.173,1.179,1.171,71437,827769736.0,0.68,-0.17,-0.002,3.21
2024-08-01,1.173,1.177,1.178,1.172,60746,705242675.0,0.51,0.34,0.004,2.73
2024-08-02,1.18,1.179,1.183,1.176,60169,701328842.0,0.59,0.17,0.002,2.71
2024-08-05,1.184,1.191,1.192,1.183,73949,866469488.0,0.76,1.02,0.012,3.33
2024-08-06,1.181,1.183,1.187,1.173,68658,801153399.0,1.18,-0.67,-0.008,3.09
2024-08-07,1.183,1.185,1.186,1.182,69834,815716408.0,0.34,0.17,0.002,3.14
2024-08-08,1.181,1.177,1.183,1.174,77313,899000241.0,0.76,-0.68,-0.008,3.48
2024-08-09,1.173,1.175,1.176,1.172,50241,582403276.0,0.34,-0.17,-0.002,2.26
2024-08-12,1.171,1.162,1.172,1.162,79966,919216718.0,0.85,-1.11,-0.013,3.6
2024-08-13,1.164,1.168,1.17,1.164,66997,772426246.0,0.52,0.52,0.006,3.01
2024-08-14,1.173,1.176,1.179,1.173,89288,1037668302.0,0.51,0.68,0.008,4.01
2024-08-15,1.177,1.172,1.18,1.171,96090,1113826005.0,0.77,-0.34,-0.004,4.32
2024-08-16,1.173,1.174,1.177,1.171,100974,1171104049.0,0.51,0.17,0.002,4.54
2024-08-19,1.175,1.179,1.179,1.174,70992,824947893.0,0.43,0.43,0.005,3.19
2024-08-20,1.179,1.181,1.182,1.179,79108,922026816.0,0.25,0.17,0.002,3.56
2024-08-21,1.183,1.177,1.184,1.176,70181,805775094.0,0.68,-0.34,-0.004,3.16
2024-08-22,1.181,1.182,1.183,1.179,93309,1074338840.0,0.34,0.42,0.005,4.2
2024-08-23,1.182,1.184,1.185,1.181,84830,977624596.0,0.34,0.17,0.002,3.81
2024-08-26,1.184,1.183,1.185,1.182,60083,693384017.0,0.25,-0.08,-0.001,2.7
2024-08-27,1.18,1.177,1.183,1.175,92437,1061867137.0,0.68,-0.51,-0.006,4.16
2024-08-28,1.178,1.179,1.18,1.174,99548,1142071462.0,0.51,0.17,0.002,4.48
2024-08-29,1.181,1.178,1.182,1.178,81352,934951257.0,0.34,-0.08,-0.001,3.66
2024-08-30,1.18,1.179,1.18,1.176,73914,848077172.0,0.34,0.08,0.001,3.32
2024-09-02,1.181,1.185,1.186,1.18,78369,903906258.0,0.51,0.51,0.006,3.52
2024-09-03,1.185,1.186,1.187,1.184,59972,693137986.0,0.25,0.08,0.001,2.7
2024-09-04,1.187,1.189,1.19,1.187,92580,1072987649.0,0.25,0.25,0.003,4.16
2024-09-05,1.193,1.194,1.195,1.191,92209,1072725985.0,0.34,0.42,0.005,4.15
2024-09-06,1.193,1.195,1.195,1.191,81235,945463434.0,0.34,0.08,0.001,3.65
2024-09-09,1.194,1.198,1.199,1.194,81384,949749013.0,0.42,0.25,0.003,3.66
2024-09-10,1.198,1.2,1.202,1.198,123379,1443863440.0,0.33,0.17,0.002,5.55
2024-09-11,1.203,1.204,1.205,1.202,91534,1074096837.0,0.25,0.33,0.004,4.12
2024-09-12,1.205,1.205,1.208,1.202,124943,1468621225.0,0.5,0.08,0.001,5.62
2024-09-13,1.209,1.214,1.214,1.206,126781,1497596715.0,0.66,0.75,0.009,5.7
2024-09-18,1.218,1.227,1.228,1.218,103609,1237179361.0,0.82,1.07,0.013,4.66
2024-09-19,1.233,1.221,1.235,1.219,178509,2138863823.0,1.3,-0.49,-0.006,8.03
2024-09-20,1.223,1.231,1.231,1.223,176654,2118518464.0,0.66,0.82,0.01,7.94
2024-09-23,1.233,1.235,1.238,1.232,144704,1743001078.0,0.49,0.32,0.004,6.51
2024-09-24,1.24,1.225,1.24,1.219,273411,3279091059.0,1.7,-0.81,-0.01,12.29
2024-09-25,1.218,1.229,1.23,1.213,240085,2866174696.0,1.39,0.33,0.004,10.8
2024-09-26,1.232,1.219,1.235,1.219,303287,3631018965.0,1.3,-0.81,-0.01,13.64
2024-09-27,1.206,1.185,1.206,1.182,124388,1453881983.0,1.97,-2.79,-0.034,5.59
2024-09-30,1.165,1.181,1.184,1.16,286327,3285025409.0,2.03,-0.34,-0.004,12.88
2024-10-08,1.168,1.182,1.19,1.167,252775,2915182299.0,1.95,0.08,0.001,11.37
2024-10-09,1.185,1.192,1.192,1.182,302720,3500747427.0,0.85,0.85,0.01,13.61
2024-10-10,1.192,1.204,1.206,1.186,386033,4504204877.0,1.68,1.01,0.012,17.36
2024-10-11,1.208,1.199,1.213,1.198,476494,5606141645.0,1.25,-0.42,-0.005,21.43
2024-10-14,1.2,1.2,1.205,1.197,385296,4510350067.0,0.67,0.08,0.001,17.33
2024-10-15,1.2,1.198,1.203,1.192,416771,4859786521.0,0.92,-0.17,-0.002,18.74
2024-10-16,1.2,1.197,1.2,1.196,366494,4277787800.0,0.33,-0.08,-0.001,16.48
2024-10-17,1.195,1.202,1.203,1.194,311686,3643927024.0,0.75,0.42,0.005,14.02
2024-10-18,1.205,1.2,1.208,1.196,479274,5618918135.0,1.0,-0.17,-0.002,21.55
2024-10-21,1.2,1.201,1.203,1.198,330365,3866066856.0,0.42,0.08,0.001,14.86
2024-10-22,1.201,1.197,1.201,1.197,286617,3352153121.0,0.33,-0.33,-0.004,12.89
2024-10-23,1.195,1.189,1.196,1.183,454775,5268031956.0,1.09,-0.67,-0.008,20.45
2024-10-24,1.192,1.19,1.194,1.19,360274,4187841654.0,0.34,0.08,0.001,16.2
2024-10-25,1.191,1.187,1.191,1.186,306744,3552796403.0,0.42,-0.25,-0.003,13.79
2024-10-28,1.187,1.183,1.187,1.182,219627,2501140628.0,0.42,-0.34,-0.004,9.88
2024-10-29,1.181,1.188,1.189,1.18,315972,3600420505.0,0.76,0.42,0.005,14.21
2024-10-30,1.188,1.19,1.191,1.187,291246,3333116863.0,0.34,0.17,0.002,13.1
2024-10-31,1.19,1.191,1.191,1.188,284692,3257707404.0,0.25,0.08,0.001,12.8
2024-11-01,1.193,1.198,1.198,1.191,349458,4021113617.0,0.59,0.59,0.007,15.71
2024-11-04,1.197,1.198,1.2,1.196,285724,3295517019.0,0.33,0.0,0.0,12.85
2024-11-05,1.199,1.2,1.2,1.196,352756,4068497761.0,0.33,0.17,0.002,15.86
2024-11-06,1.201,1.202,1.205,1.2,354643,4104332676.0,0.42,0.17,0.002,15.95
2024-11-07,1.202,1.2,1.203,1.2,257264,2974039831.0,0.25,-0.17,-0.002,11.57
2024-11-08,1.199,1.203,1.205,1.199,332823,3851281024.0,0.5,0.25,0.003,14.97
2024-11-11,1.203,1.204,1.205,1.203,243353,2820529044.0,0.17,0.08,0.001,10.94
2024-11-12,1.205,1.21,1.211,1.205,313483,3646332351.0,0.5,0.5,0.006,14.1
2024-11-13,1.211,1.21,1.212,1.209,339634,3959537291.0,0.25,0.0,0.0,15.27
2024-11-14,1.209,1.205,1.21,1.204,324436,3769042146.0,0.5,-0.41,-0.005,14.59
2024-11-15,1.205,1.204,1.208,1.204,265973,3086848630.0,0.33,-0.08,-0.001,11.96
2024-11-18,1.202,1.195,1.202,1.194,227342,2618867440.0,0.66,-0.75,-0.009,10.22
2024-11-19,1.194,1.199,1.199,1.193,224208,2582389120.0,0.5,0.33,0.004,10.08
2024-11-20,1.199,1.199,1.2,1.197,212461,2450492329.0,0.25,0.0,0.0,9.55
2024-11-21,1.198,1.203,1.203,1.197,232543,2684395552.0,0.5,0.33,0.004,10.46
2024-11-22,1.204,1.206,1.207,1.203,251154,2913168876.0,0.33,0.25,0.003,11.29
2024-11-25,1.204,1.209,1.211,1.204,286375,3332975164.0,0.58,0.25,0.003,12.88
2024-11-26,1.21,1.213,1.213,1.209,280736,3271614647.0,0.33,0.33,0.004,12.62
2024-11-27,1.211,1.21,1.214,1.209,371976,4342411053.0,0.41,-0.25,-0.003,16.73
2024-11-28,1.21,1.213,1.214,1.209,343258,4003578025.0,0.41,0.25,0.003,15.44
2024-11-29,1.217,1.218,1.22,1.214,435202,5104032373.0,0.49,0.41,0.005,19.57
2024-12-02,1.222,1.228,1.228,1.222,318786,3764056086.0,0.49,0.82,0.01,14.33
2024-12-03,1.228,1.227,1.228,1.223,323484,3821866340.0,0.41,-0.08,-0.001,14.55
2024-12-04,1.228,1.234,1.235,1.228,358077,4250096272.0,0.57,0.57,0.007,16.1
2024-12-05,1.234,1.235,1.236,1.231,347547,4132336967.0,0.41,0.08,0.001,15.63
2024-12-06,1.233,1.23,1.236,1.229,487936,5795228331.0,0.57,-0.4,-0.005,21.94
2024-12-09,1.23,1.231,1.233,1.23,404583,4802519027.0,0.24,0.08,0.001,18.19
2024-12-10,1.239,1.254,1.254,1.235,475678,5718183879.0,1.54,1.87,0.023,21.39
2024-12-11,1.248,1.25,1.254,1.246,500609,6030458546.0,0.64,-0.32,-0.004,22.51
2024-12-12,1.256,1.255,1.261,1.253,515063,6238033825.0,0.64,0.4,0.005,23.16
2024-12-13,1.263,1.266,1.268,1.261,448454,5475782235.0,0.56,0.88,0.011,20.17
2024-12-16,1.27,1.278,1.283,1.27,482325,5943776693.0,1.03,0.95,0.012,21.69
2024-12-17,1.275,1.273,1.278,1.272,570897,7018962765.0,0.47,-0.39,-0.005,25.67
2024-12-18,1.275,1.266,1.279,1.257,691306,8460110167.0,1.73,-0.55,-0.007,31.09
2024-12-19,1.265,1.26,1.267,1.257,541380,6589272202.0,0.79,-0.47,-0.006,24.34
2024-12-20,1.267,1.276,1.276,1.267,401482,4924061498.0,0.71,1.27,0.016,18.05
2024-12-23,1.285,1.276,1.288,1.273,498191,6148656601.0,1.18,0.0,0.0,22.4
2024-12-24,1.273,1.267,1.279,1.266,499618,6136520295.0,1.02,-0.71,-0.009,22.47
2024-12-25,1.268,1.266,1.271,1.262,412762,5040069539.0,0.71,-0.08,-0.001,18.56
2024-12-26,1.268,1.266,1.27,1.264,345163,4214245836.0,0.47,0.0,0.0,15.52
2024-12-27,1.274,1.281,1.282,1.271,497833,6136309754.0,0.87,1.18,0.015,22.39
2024-12-30,1.281,1.276,1.282,1.276,371341,4580446459.0,0.47,-0.39,-0.005,16.7
2024-12-31,1.285,1.286,1.288,1.282,455183,5648917219.0,0.47,0.78,0.01,20.47
2025-01-02,1.296,1.304,1.307,1.295,445431,5600415287.0,0.93,1.4,0.018,20.03
2025-01-03,1.314,1.305,1.32,1.3,741640,9382867785.0,1.53,0.08,0.001,33.35
2025-01-06,1.305,1.309,1.31,1.297,543415,6843188166.0,1.0,0.31,0.004,24.44
2025-01-07,1.307,1.305,1.309,1.301,576019,7261676181.0,0.61,-0.31,-0.004,25.9
2025-01-08,1.303,1.303,1.309,1.301,612690,7717980094.0,0.61,-0.15,-0.002,27.55
2025-01-09,1.301,1.295,1.303,1.295,482230,6044360568.0,0.61,-0.61,-0.008,21.68
2025-01-10,1.285,1.294,1.295,1.275,530967,6599534849.0,1.54,-0.08,-0.001,23.88
2025-01-13,1.294,1.295,1.297,1.291,484978,6059421315.0,0.46,0.08,0.001,21.81
2025-01-14,1.289,1.29,1.292,1.285,562165,6994695228.0,0.54,-0.39,-0.005,25.28
2025-01-15,1.297,1.302,1.303,1.296,526223,6601500452.0,0.54,0.93,0.012,23.66
2025-01-16,1.299,1.299,1.304,1.294,570846,7160384355.0,0.77,-0.23,-0.003,25.67
2025-01-17,1.301,1.298,1.303,1.297,559840,7020324603.0,0.46,-0.08,-0.001,25.17
2025-01-20,1.295,1.292,1.296,1.291,498959,6226383250.0,0.39,-0.46,-0.006,22.44
2025-01-21,1.291,1.297,1.297,1.29,521135,6502806174.0,0.54,0.39,0.005,23.43
2025-01-22,1.3,1.298,1.302,1.298,458895,5760147889.0,0.31,0.08,0.001,20.63
2025-01-23,1.297,1.297,1.299,1.295,478527,5991990999.0,0.31,-0.08,-0.001,21.52
2025-01-24,1.297,1.298,1.3,1.292,482731,6035345822.0,0.62,0.08,0.001,21.71
2025-01-27,1.301,1.309,1.309,1.301,470756,5938267499.0,0.62,0.85,0.011,21.17
2025-02-05,1.308,1.314,1.315,1.308,396163,5016301837.0,0.53,0.38,0.005,17.81
2025-02-06,1.316,1.319,1.321,1.315,489016,6224159182.0,0.46,0.38,0.005,21.99
2025-02-07,1.32,1.317,1.321,1.316,634937,8087519182.0,0.38,-0.15,-0.002,28.55
2025-02-10,1.315,1.313,1.317,1.313,456787,5800299314.0,0.3,-0.3,-0.004,20.54
2025-02-11,1.313,1.316,1.317,1.313,526359,6686452784.0,0.3,0.23,0.003,23.67
2025-02-12,1.318,1.316,1.319,1.315,671819,8547998351.0,0.3,0.0,0.0,30.21
2025-02-13,1.317,1.318,1.319,1.314,692813,8806361447.0,0.38,0.15,0.002,31.15
2025-02-14,1.317,1.313,1.318,1.312,760003,9655720903.0,0.46,-0.38,-0.005,34.17
2025-02-17,1.312,1.305,1.312,1.305,656115,8281496335.0,0.53,-0.61,-0.008,29.5
2025-02-18,1.302,1.3,1.304,1.293,757476,9494815243.0,0.84,-0.38,-0.005,34.06
2025-02-19,1.303,1.304,1.305,1.298,585982,7360146182.0,0.54,0.31,0.004,26.35
2025-02-20,1.304,1.297,1.304,1.297,643617,8083333650.0,0.54,-0.54,-0.007,28.94
2025-02-21,1.294,1.293,1.297,1.29,701018,8750093966.0,0.54,-0.31,-0.004,31.52
2025-02-24,1.289,1.278,1.292,1.277,760002,9419740345.0,1.16,-1.16,-0.015,34.17
2025-02-25,1.283,1.284,1.287,1.271,976012,12046207810.0,1.25,0.47,0.006,43.89
2025-02-26,1.284,1.285,1.288,1.281,749884,9299688919.0,0.55,0.08,0.001,33.72
2025-02-27,1.284,1.282,1.287,1.281,576605,7148752444.0,0.47,-0.23,-0.003,25.93
2025-02-28,1.282,1.288,1.288,1.279,728478,9017165691.0,0.7,0.47,0.006,32.76
2025-03-03,1.288,1.293,1.295,1.285,673286,8373762224.0,0.78,0.39,0.005,30.28
2025-03-04,1.297,1.291,1.297,1.29,708277,8832714391.0,0.54,-0.15,-0.002,31.85
2025-03-05,1.291,1.292,1.294,1.291,668185,8333923864.0,0.23,0.08,0.001,30.05
2025-03-06,1.289,1.283,1.29,1.283,702907,8722679517.0,0.54,-0.7,-0.009,31.61
2025-03-07,1.282,1.271,1.282,1.269,923395,11344215905.0,1.01,-0.94,-0.012,41.52
2025-03-10,1.269,1.268,1.274,1.267,771779,9462645121.0,0.55,-0.24,-0.003,34.7
2025-03-11,1.269,1.255,1.27,1.255,866114,10518708697.0,1.18,-1.03,-0.013,38.95
2025-03-12,1.25,1.26,1.263,1.247,1125609,13586833087.0,1.27,0.4,0.005,50.61
2025-03-13,1.258,1.259,1.263,1.256,921915,11209017083.0,0.56,-0.08,-0.001,41.46
2025-03-14,1.254,1.252,1.258,1.249,1014703,12258669004.0,0.71,-0.56,-0.007,45.63
2025-03-17,1.247,1.235,1.248,1.234,1073497,12852520698.0,1.12,-1.36,-0.017,48.27
2025-03-18,1.234,1.234,1.238,1.231,1170355,13934764960.0,0.57,-0.08,-0.001,52.63
2025-03-19,1.235,1.235,1.238,1.233,997946,11883725937.0,0.41,0.08,0.001,44.87
2025-03-20,1.24,1.25,1.251,1.24,979868,11759094867.0,0.89,1.21,0.015,44.06
2025-03-21,1.253,1.251,1.254,1.247,943426,11380630494.0,0.56,0.08,0.001,42.42
2025-03-24,1.248,1.25,1.253,1.245,860384,10366439092.0,0.64,-0.08,-0.001,38.69
2025-03-25,1.258,1.258,1.261,1.257,821760,9973419553.0,0.32,0.64,0.008,36.95
2025-03-26,1.258,1.263,1.263,1.255,749744,9096961115.0,0.64,0.4,0.005,33.71
2025-03-27,1.263,1.265,1.265,1.262,946139,11527170391.0,0.24,0.16,0.002,42.54
2025-03-28,1.262,1.256,1.264,1.256,862034,10488064988.0,0.63,-0.71,-0.009,38.76
2025-03-31,1.253,1.255,1.261,1.253,794228,9629810323.0,0.64,-0.08,-0.001,35.71
2025-04-01,1.257,1.259,1.261,1.256,783174,9505418883.0,0.4,0.32,0.004,35.22
2025-04-02,1.259,1.268,1.269,1.259,810785,9890395789.0,0.79,0.71,0.009,36.46
2025-04-03,1.282,1.287,1.288,1.277,1102765,13654739661.0,0.87,1.5,0.019,49.59
2025-04-07,1.309,1.311,1.314,1.304,1111389,14040025837.0,0.78,1.86,0.024,49.98
2025-04-08,1.302,1.302,1.308,1.295,913375,11493036929.0,0.99,-0.69,-0.009,41.07
2025-04-09,1.307,1.301,1.309,1.299,980685,12340038279.0,0.77,-0.08,-0.001,44.1
2025-04-10,1.292,1.302,1.302,1.292,855187,10707716505.0,0.77,0.08,0.001,38.45
2025-04-11,1.305,1.297,1.306,1.295,835113,10487600780.0,0.84,-0.38,-0.005,37.55
2025-04-14,1.295,1.299,1.299,1.293,676264,8461124634.0,0.46,0.15,0.002,30.41
2025-04-15,1.3,1.301,1.302,1.299,861815,10822127668.0,0.23,0.15,0.002,38.75
2025-04-16,1.303,1.302,1.305,1.299,828365,10418349083.0,0.46,0.08,0.001,37.25
2025-04-17,1.302,1.295,1.303,1.295,917472,11489470608.0,0.61,-0.54,-0.007,41.26
2025-04-18,1.294,1.297,1.297,1.291,802083,10018866950.0,0.46,0.15,0.002,36.07
2025-04-21,1.298,1.292,1.298,1.29,745436,9188948994.0,0.62,-0.39,-0.005,33.52
2025-04-22,1.292,1.297,1.297,1.292,518260,6401752778.0,0.39,0.39,0.005,23.3
2025-04-23,1.294,1.292,1.294,1.289,622864,7670629266.0,0.39,-0.39,-0.005,28.01
2025-04-24,1.294,1.291,1.296,1.29,600120,7403202218.0,0.46,-0.08,-0.001,26.99
2025-04-25,1.292,1.295,1.297,1.291,733171,9044432710.0,0.46,0.31,0.004,32.97
2025-04-28,1.294,1.299,1.301,1.294,590912,7315642875.0,0.54,0.31,0.004,26.57
2025-04-29,1.303,1.309,1.309,1.302,578969,7214581301.0,0.54,0.77,0.01,26.03
2025-04-30,1.308,1.308,1.31,1.305,604120,7537907086.0,0.38,-0.08,-0.001,27.17
2025-05-06,1.304,1.307,1.309,1.304,560152,6989490194.0,0.38,-0.08,-0.001,25.19
2025-05-07,1.307,1.301,1.308,1.3,802498,9979061185.0,0.61,-0.46,-0.006,36.09
2025-05-08,1.304,1.303,1.306,1.303,610862,7601390178.0,0.23,0.15,0.002,27.47
2025-05-09,1.304,1.304,1.306,1.302,763397,9495614133.0,0.31,0.08,0.001,34.33
2025-05-12,1.3,1.298,1.302,1.297,652270,8084502900.0,0.38,-0.46,-0.006,29.33
2025-05-13,1.291,1.293,1.295,1.291,786435,9697824224.0,0.31,-0.39,-0.005,35.36
2025-05-14,1.295,1.291,1.295,1.29,775482,9557593692.0,0.39,-0.15,-0.002,34.87
2025-05-15,1.293,1.291,1.294,1.289,706887,8703974680.0,0.39,0.0,0.0,31.79
2025-05-16,1.29,1.289,1.29,1.287,626784,7696658771.0,0.23,-0.15,-0.002,28.18
2025-05-19,1.29,1.293,1.293,1.29,486926,5998351430.0,0.23,0.31,0.004,21.9
2025-05-20,1.296,1.295,1.297,1.293,730419,9018693909.0,0.31,0.15,0.002,32.84
2025-05-21,1.294,1.293,1.295,1.292,630705,7782265216.0,0.23,-0.15,-0.002,28.36
2025-05-22,1.293,1.293,1.295,1.292,557457,6876543798.0,0.23,0.0,0.0,25.07
2025-05-23,1.292,1.293,1.294,1.288,635545,7825022490.0,0.46,0.0,0.0,28.58
2025-05-26,1.293,1.293,1.295,1.293,404788,4994131634.0,0.15,0.0,0.0,18.2
2025-05-27,1.293,1.29,1.294,1.29,442413,5449002845.0,0.31,-0.23,-0.003,19.89
2025-05-28,1.289,1.29,1.291,1.287,357926,4399416493.0,0.31,0.0,0.0,16.09
2025-05-29,1.287,1.283,1.288,1.282,634173,7761895135.0,0.47,-0.54,-0.007,28.52
2025-05-30,1.287,1.289,1.29,1.287,440570,5413277537.0,0.23,0.47,0.006,19.81
2025-06-03,1.29,1.29,1.291,1.288,362578,4460825984.0,0.23,0.08,0.001,16.3
2025-06-04,1.291,1.292,1.292,1.289,524033,6447648475.0,0.23,0.16,0.002,23.56
2025-06-05,1.292,1.291,1.293,1.29,439741,5416566313.0,0.23,-0.08,-0.001,19.77
2025-06-06,1.292,1.293,1.294,1.292,452213,5576354911.0,0.15,0.15,0.002,20.33
2025-06-09,1.296,1.298,1.299,1.295,548579,6786850784.0,0.31,0.39,0.005,24.67
2025-06-10,1.298,1.299,1.301,1.297,534697,6622632525.0,0.31,0.08,0.001,24.04
2025-06-11,1.3,1.302,1.302,1.3,394393,4894051962.0,0.15,0.23,0.003,17.73
2025-06-12,1.302,1.302,1.304,1.301,475599,5910812738.0,0.23,0.0,0.0,21.39
2025-06-13,1.302,1.302,1.304,1.301,466999,5801334491.0,0.23,0.0,0.0,21.0
2025-06-16,1.304,1.303,1.305,1.302,420663,5231554504.0,0.23,0.08,0.001,18.92
2025-06-17,1.302,1.305,1.306,1.3,454459,5649891385.0,0.46,0.15,0.002,20.44
2025-06-18,1.305,1.307,1.307,1.304,417670,5203290950.0,0.23,0.15,0.002,18.78
2025-06-19,1.31,1.31,1.311,1.309,526571,6584250557.0,0.15,0.23,0.003,23.68
2025-06-20,1.308,1.313,1.313,1.308,463852,5806479548.0,0.38,0.23,0.003,20.86
2025-06-23,1.315,1.312,1.315,1.311,537101,6729254587.0,0.3,-0.08,-0.001,24.15
2025-06-24,1.311,1.307,1.311,1.306,611155,7630903447.0,0.38,-0.38,-0.005,27.48
2025-06-25,1.307,1.304,1.309,1.303,559906,6977103747.0,0.46,-0.23,-0.003,25.18
2025-06-26,1.305,1.306,1.306,1.303,490352,6101506523.0,0.23,0.15,0.002,22.05
2025-06-27,1.306,1.308,1.309,1.305,482358,6015964683.0,0.31,0.15,0.002,21.69
2025-06-30,1.308,1.303,1.308,1.302,555759,6912091411.0,0.46,-0.38,-0.005,24.99
2025-07-01,1.304,1.306,1.306,1.303,569046,7084824034.0,0.23,0.23,0.003,25.59
2025-07-02,1.308,1.311,1.311,1.308,413971,5174064222.0,0.23,0.38,0.005,18.61
2025-07-03,1.312,1.311,1.312,1.309,507330,6341905326.0,0.23,0.0,0.0,22.81
2025-07-04,1.311,1.311,1.312,1.31,500994,6267304678.0,0.15,0.0,0.0,22.53
2025-07-07,1.311,1.311,1.312,1.31,458881,5740928427.0,0.15,0.0,0.0,20.63
2025-07-08,1.311,1.308,1.311,1.308,508350,6347724827.0,0.23,-0.23,-0.003,22.86
2025-07-09,1.308,1.309,1.31,1.307,519665,6486512604.0,0.23,0.08,0.001,23.37
2025-07-10,1.309,1.306,1.31,1.305,625703,7804000373.0,0.38,-0.23,-0.003,28.14
2025-07-11,1.305,1.307,1.308,1.304,663244,8255903855.0,0.31,0.08,0.001,29.82
2025-07-14,1.306,1.303,1.306,1.302,541860,6742680477.0,0.31,-0.31,-0.004,24.37
2025-07-15,1.305,1.308,1.309,1.305,512248,6389234556.0,0.31,0.38,0.005,23.03
2025-07-16,1.309,1.309,1.309,1.307,426209,5319391820.0,0.15,0.08,0.001,19.17
2025-07-17,1.309,1.308,1.309,1.307,383106,4781504543.0,0.15,-0.08,-0.001,17.23
2025-07-18,1.306,1.306,1.307,1.305,477979,5956437821.0,0.15,-0.15,-0.002,21.49
2025-07-21,1.305,1.302,1.305,1.301,555926,6904692505.0,0.31,-0.31,-0.004,25.0
2025-07-22,1.301,1.299,1.303,1.299,779424,9672727886.0,0.31,-0.23,-0.003,35.05
2025-07-23,1.295,1.297,1.299,1.29,838408,10342695246.0,0.69,-0.15,-0.002,37.7
2025-07-24,1.295,1.289,1.295,1.289,785491,9675206961.0,0.46,-0.62,-0.008,35.32
2025-07-25,1.289,1.285,1.291,1.285,953478,11715241462.0,0.47,-0.31,-0.004,42.87
2025-07-28,1.29,1.291,1.292,1.287,682049,8389091127.0,0.39,0.47,0.006,30.67
2025-07-29,1.29,1.284,1.29,1.283,861457,10564376295.0,0.54,-0.54,-0.007,38.74
2025-07-30,1.284,1.288,1.289,1.28,881310,10793185699.0,0.7,0.31,0.004,39.63
2025-07-31,1.291,1.295,1.295,1.29,839190,10351616025.0,0.39,0.54,0.007,37.74
2025-08-01,1.293,1.292,1.295,1.291,801726,9884734033.0,0.31,-0.23,-0.003,36.05
2025-08-04,1.296,1.29,1.297,1.29,807087,9961669703.0,0.54,-0.15,-0.002,36.29
2025-08-05,1.291,1.294,1.296,1.29,640211,7892061666.0,0.47,0.31,0.004,28.79
2025-08-06,1.293,1.294,1.295,1.293,489758,6044977572.0,0.15,0.0,0.0,22.02
2025-08-07,1.296,1.294,1.298,1.294,668961,8266857425.0,0.31,0.0,0.0,30.08
2025-08-08,1.295,1.294,1.297,1.292,568299,7013208706.0,0.39,0.0,0.0,25.55
2025-08-11,1.293,1.286,1.293,1.285,671357,8238840488.0,0.62,-0.62,-0.008,30.19
2025-08-12,1.284,1.283,1.286,1.28,751364,9181698321.0,0.47,-0.23,-0.003,33.79
2025-08-13,1.28,1.283,1.284,1.277,863281,10539864858.0,0.55,0.0,0.0,38.82
2025-08-14,1.282,1.278,1.282,1.276,951738,11595158042.0,0.47,-0.39,-0.005,42.8
2025-08-15,1.279,1.275,1.281,1.275,898070,10941820797.0,0.47,-0.23,-0.003,40.38
2025-08-18,1.271,1.26,1.271,1.26,1102807,13274548702.0,0.86,-1.18,-0.015,49.59
2025-08-19,1.261,1.261,1.263,1.258,933646,11214839167.0,0.4,0.08,0.001,41.98
2025-08-20,1.264,1.257,1.266,1.257,1014844,12211314538.0,0.71,-0.32,-0.004,45.63
2025-08-21,1.256,1.263,1.264,1.254,1118573,13412839448.0,0.8,0.48,0.006,50.3
2025-08-22,1.262,1.26,1.266,1.26,1138258,13680221739.0,0.48,-0.24,-0.003,51.18
2025-08-25,1.257,1.265,1.267,1.257,1004106,12090906373.0,0.79,0.4,0.005,45.15
2025-08-26,1.268,1.272,1.272,1.266,813412,9829474068.0,0.47,0.55,0.007,36.58
2025-08-27,1.27,1.274,1.275,1.269,954578,11571513291.0,0.47,0.16,0.002,42.92
2025-08-28,1.273,1.264,1.274,1.264,972548,11765773542.0,0.78,-0.78,-0.01,43.73
2025-08-29,1.263,1.264,1.267,1.262,928249,11178420251.0,0.4,0.0,0.0,41.74
2025-09-01,1.263,1.266,1.267,1.262,715591,8618527216.0,0.4,0.16,0.002,32.18
2025-09-02,1.266,1.264,1.268,1.263,648977,7822954940.0,0.39,-0.16,-0.002,29.18
2025-09-03,1.265,1.269,1.27,1.265,688797,8311298684.0,0.4,0.4,0.005,30.97
2025-09-04,1.272,1.274,1.277,1.271,1003957,12190235600.0,0.47,0.39,0.005,45.14
2025-09-05,1.271,1.262,1.272,1.261,944492,11389876087.0,0.86,-0.94,-0.012,42.47
2025-09-08,1.261,1.259,1.262,1.258,764290,9170910434.0,0.32,-0.24,-0.003,34.37
2025-09-09,1.259,1.258,1.26,1.257,768523,9209258147.0,0.24,-0.08,-0.001,34.56
2025-09-10,1.256,1.248,1.256,1.246,967893,11528884587.0,0.79,-0.79,-0.01,43.52
2025-09-11,1.249,1.245,1.249,1.241,1007055,11937765553.0,0.64,-0.24,-0.003,45.28
2025-09-12,1.243,1.248,1.249,1.243,777538,9228300018.0,0.48,0.24,0.003,34.96
2025-09-15,1.249,1.252,1.253,1.248,706881,8422622494.0,0.4,0.32,0.004,31.79
2025-09-16,1.247,1.251,1.252,1.242,933213,11076435749.0,0.8,-0.08,-0.001,41.96
2025-09-17,1.251,1.255,1.255,1.249,805692,9601007383.0,0.48,0.32,0.004,36.23
2025-09-18,1.253,1.252,1.255,1.25,1075589,12822039209.0,0.4,-0.24,-0.003,48.37
2025-09-19,1.252,1.245,1.254,1.244,827518,9844019366.0,0.8,-0.56,-0.007,37.21
2025-09-22,1.245,1.247,1.249,1.245,650296,7719277339.0,0.32,0.16,0.002,29.24
2025-09-23,1.246,1.242,1.246,1.24,754295,8917042177.0,0.48,-0.4,-0.005,33.92
2025-09-24,1.242,1.236,1.243,1.236,775327,9147796284.0,0.56,-0.48,-0.006,34.86
2025-09-25,1.234,1.238,1.238,1.229,889569,10429080860.0,0.73,0.16,0.002,40.0
2025-09-26,1.239,1.238,1.241,1.235,609236,7176360188.0,0.48,0.0,0.0,27.4
2025-09-29,1.239,1.232,1.24,1.232,633567,7446979957.0,0.65,-0.48,-0.006,28.49
2025-09-30,1.231,1.234,1.236,1.229,800376,9382246419.0,0.57,0.16,0.002,35.99
2025-10-09,1.233,1.238,1.238,1.232,636352,7483329163.0,0.49,0.32,0.004,28.61
2025-10-10,1.238,1.231,1.239,1.231,718510,8445426133.0,0.65,-0.57,-0.007,32.31
2025-10-13,1.238,1.237,1.242,1.236,807879,9525223091.0,0.49,0.49,0.006,36.33
2025-10-14,1.234,1.241,1.241,1.231,1000059,11757571584.0,0.81,0.32,0.004,44.97
2025-10-15,1.237,1.238,1.242,1.236,903592,10647562499.0,0.48,-0.24,-0.003,40.63
2025-10-16,1.239,1.243,1.244,1.239,832260,9832325274.0,0.4,0.4,0.005,37.42
2025-10-17,1.246,1.252,1.253,1.245,1032242,12268958064.0,0.64,0.72,0.009,46.42
2025-10-20,1.246,1.248,1.251,1.246,930885,11065526731.0,0.4,-0.32,-0.004,41.86
2025-10-21,1.247,1.249,1.249,1.245,929367,11032073606.0,0.32,0.08,0.001,41.79
2025-10-22,1.251,1.251,1.252,1.248,897258,10671654498.0,0.32,0.16,0.002,40.35
2025-10-23,1.25,1.247,1.253,1.247,875640,10427237363.0,0.48,-0.32,-0.004,39.37
2025-10-24,1.245,1.245,1.249,1.245,762936,9053396397.0,0.32,-0.16,-0.002,34.31
2025-10-27,1.242,1.248,1.249,1.242,843306,9992882968.0,0.56,0.24,0.003,37.92
2025-10-28,1.253,1.255,1.256,1.253,828480,9894777039.0,0.24,0.56,0.007,37.25
2025-10-29,1.253,1.252,1.256,1.251,793346,9470037603.0,0.4,-0.24,-0.003,35.67
2025-10-30,1.252,1.254,1.255,1.25,868212,10354312310.0,0.4,0.16,0.002,39.04
2025-10-31,1.255,1.259,1.259,1.255,666406,7979447738.0,0.32,0.4,0.005,29.97
2025-11-03,1.259,1.26,1.26,1.258,654234,7843125579.0,0.16,0.08,0.001,29.42
2025-11-04,1.26,1.261,1.261,1.259,611129,7333301578.0,0.16,0.08,0.001,27.48
2025-11-05,1.264,1.261,1.265,1.261,633209,7614290251.0,0.32,0.0,0.0,28.47
2025-11-06,1.26,1.256,1.261,1.256,645679,7735987242.0,0.4,-0.4,-0.005,29.03
2025-11-07,1.258,1.257,1.258,1.255,729306,8728223912.0,0.24,0.08,0.001,32.79
2025-11-10,1.255,1.257,1.259,1.255,585625,7011893662.0,0.32,0.0,0.0,26.33
2025-11-11,1.257,1.258,1.259,1.257,576212,6904540751.0,0.16,0.08,0.001,25.91
2025-11-12,1.258,1.259,1.261,1.257,571390,6851201422.0,0.32,0.08,0.001,25.69
2025-11-13,1.258,1.256,1.26,1.256,585320,7007590152.0,0.32,-0.24,-0.003,26.32
2025-11-14,1.258,1.258,1.258,1.256,511502,6123612969.0,0.16,0.16,0.002,23.0
2025-11-17,1.258,1.259,1.261,1.258,551124,6610650735.0,0.24,0.08,0.001,24.78
2025-11-18,1.26,1.259,1.261,1.258,522512,6264284507.0,0.24,0.0,0.0,23.5
2025-11-19,1.259,1.255,1.259,1.255,616552,7372879670.0,0.32,-0.32,-0.004,27.72
2025-11-20,1.253,1.253,1.257,1.253,510407,6099053173.0,0.32,-0.16,-0.002,22.95
2025-11-21,1.254,1.25,1.255,1.249,675070,8046757111.0,0.48,-0.24,-0.003,30.36
2025-11-24,1.249,1.252,1.253,1.249,543420,6472779219.0,0.32,0.16,0.002,24.44
2025-11-25,1.25,1.247,1.251,1.247,668142,7945114810.0,0.32,-0.4,-0.005,30.04
2025-11-26,1.247,1.239,1.247,1.239,701788,8300417010.0,0.64,-0.64,-0.008,31.56
2025-11-27,1.241,1.24,1.241,1.238,521151,6148693406.0,0.24,0.08,0.001,23.43
2025-11-28,1.241,1.241,1.243,1.239,554376,6547305266.0,0.32,0.08,0.001,24.93
2025-12-01,1.241,1.241,1.243,1.24,437677,5106561034.0,0.24,0.0,0.0,19.68
2025-12-02,1.241,1.235,1.241,1.235,546651,6352351888.0,0.48,-0.48,-0.006,24.58
2025-12-03,1.236,1.232,1.238,1.231,538335,6239635596.0,0.57,-0.24,-0.003,24.21
2025-12-04,1.228,1.217,1.228,1.216,1010009,11574328764.0,0.97,-1.22,-0.015,45.42
2025-12-05,1.219,1.218,1.22,1.214,682053,7791204307.0,0.49,0.08,0.001,30.67
2025-12-08,1.217,1.214,1.219,1.212,744288,8480284142.0,0.57,-0.33,-0.004,33.47
2025-12-09,1.219,1.221,1.223,1.219,671012,7688527316.0,0.33,0.58,0.007,30.17
2025-12-10,1.22,1.222,1.225,1.219,560726,6435953781.0,0.49,0.08,0.001,25.21
2025-12-11,1.226,1.231,1.231,1.225,555978,6413918253.0,0.49,0.74,0.009,25.0
2025-12-12,1.232,1.226,1.233,1.225,659714,7611847060.0,0.65,-0.41,-0.005,29.66
2025-12-15,1.222,1.214,1.224,1.214,610810,6980222766.0,0.82,-0.98,-0.012,27.47
2025-12-16,1.214,1.214,1.217,1.213,709059,8085157354.0,0.33,0.0,0.0,31.88
2025-12-17,1.216,1.219,1.221,1.215,558287,6381564397.0,0.49,0.41,0.005,25.1
2025-12-18,1.222,1.225,1.228,1.221,550924,6334145673.0,0.57,0.49,0.006,24.77
2025-12-19,1.224,1.225,1.225,1.222,479407,5507271602.0,0.24,0.0,0.0,21.56
2025-12-22,1.227,1.222,1.227,1.218,574341,6598390731.0,0.73,-0.24,-0.003,25.83
2025-12-23,1.222,1.23,1.23,1.221,597914,6888602043.0,0.74,0.65,0.008,26.89
2025-12-24,1.229,1.229,1.232,1.227,495538,5720218076.0,0.41,-0.08,-0.001,22.28
2025-12-25,1.231,1.227,1.232,1.227,474045,5470964164.0,0.41,-0.16,-0.002,21.32
2025-12-26,1.228,1.228,1.231,1.227,505343,5831289043.0,0.33,0.08,0.001,22.72
2025-12-29,1.228,1.219,1.228,1.216,645126,7383899554.0,0.98,-0.73,-0.009,29.01
2025-12-30,1.219,1.219,1.222,1.218,451744,5172559365.0,0.33,0.0,0.0,20.31
2025-12-31,1.22,1.214,1.22,1.21,676587,7696094615.0,0.82,-0.41,-0.005,30.42
2026-01-05,1.217,1.213,1.218,1.213,520092,5927421039.0,0.41,-0.08,-0.001,23.39
2026-01-06,1.211,1.209,1.212,1.208,574428,6518044060.0,0.33,-0.33,-0.004,25.83
2026-01-07,1.208,1.203,1.208,1.203,652673,7379029402.0,0.41,-0.5,-0.006,29.35
2026-01-08,1.205,1.207,1.208,1.201,719664,8125191573.0,0.58,0.33,0.004,32.36
2026-01-09,1.207,1.206,1.208,1.204,687609,7777127928.0,0.33,-0.08,-0.001,30.92
2026-01-12,1.205,1.207,1.209,1.205,466854,5288125602.0,0.33,0.08,0.001,20.99
2026-01-13,1.208,1.211,1.212,1.208,504516,5726219304.0,0.33,0.33,0.004,22.69
2026-01-14,1.211,1.211,1.211,1.207,711363,8069336459.0,0.33,0.0,0.0,31.99
2026-01-15,1.212,1.21,1.212,1.209,520323,5911862960.0,0.25,-0.08,-0.001,23.4
2026-01-16,1.208,1.21,1.211,1.207,478803,5430768860.0,0.33,0.0,0.0,21.53
2026-01-19,1.211,1.209,1.211,1.208,471152,5346005763.0,0.25,-0.08,-0.001,21.19
2026-01-20,1.209,1.213,1.213,1.208,491915,5589504217.0,0.41,0.33,0.004,22.12
2026-01-21,1.216,1.222,1.223,1.215,559712,6400556945.0,0.66,0.74,0.009,25.17
2026-01-22,1.221,1.222,1.224,1.221,429393,4926537990.0,0.25,0.0,0.0,19.31
2026-01-23,1.222,1.224,1.227,1.222,488306,5610592862.0,0.41,0.16,0.002,21.96
2026-01-26,1.224,1.227,1.228,1.224,339051,3900493413.0,0.33,0.25,0.003,15.25
2026-01-27,1.227,1.223,1.228,1.221,465336,5349908645.0,0.57,-0.33,-0.004,20.92
2026-01-28,1.222,1.224,1.225,1.221,364182,4178219602.0,0.33,0.08,0.001,16.38
2026-01-29,1.225,1.225,1.228,1.225,372571,4290896006.0,0.25,0.08,0.001,16.75
2026-01-30,1.224,1.222,1.227,1.221,351966,4043464112.0,0.49,-0.24,-0.003,15.83
2026-02-02,1.224,1.225,1.227,1.223,445075,5117018328.0,0.33,0.25,0.003,20.01
2026-02-03,1.223,1.224,1.225,1.221,433152,4974152546.0,0.33,-0.08,-0.001,19.48
2026-02-04,1.225,1.223,1.225,1.223,344852,3961114441.0,0.16,-0.08,-0.001,15.51
2026-02-05,1.224,1.227,1.228,1.222,435996,5015677271.0,0.49,0.33,0.004,19.61
2026-02-06,1.231,1.232,1.233,1.229,464195,5365860816.0,0.33,0.41,0.005,20.87
2026-02-09,1.23,1.232,1.233,1.23,283212,3275129290.0,0.24,0.0,0.0,12.74
2026-02-10,1.231,1.232,1.232,1.231,278127,3215908721.0,0.08,0.0,0.0,12.51
2026-02-11,1.232,1.232,1.234,1.232,351754,4070882582.0,0.16,0.0,0.0,15.82
2026-02-12,1.232,1.232,1.233,1.232,279842,3239295081.0,0.08,0.0,0.0,12.58
2026-02-13,1.235,1.232,1.235,1.229,443809,5133809643.0,0.49,0.0,0.0,19.96
2026-02-24,1.232,1.233,1.235,1.232,344804,3995756913.0,0.24,0.08,0.001,15.5
2026-02-25,1.234,1.229,1.234,1.228,425584,4921250122.0,0.49,-0.32,-0.004,19.14
2026-02-26,1.229,1.225,1.229,1.224,377646,4346389561.0,0.41,-0.33,-0.004,16.98
2026-02-27,1.225,1.225,1.226,1.223,306526,3521971761.0,0.24,0.0,0.0,13.78
2026-03-02,1.228,1.23,1.231,1.226,285400,3293440006.0,0.41,0.41,0.005,12.83
2026-03-03,1.231,1.231,1.232,1.23,327185,3782407894.0,0.16,0.08,0.001,14.71
2026-03-04,1.231,1.231,1.232,1.229,277116,3202737700.0,0.24,0.0,0.0,12.46
2026-03-05,1.231,1.231,1.232,1.23,273288,3159508987.0,0.16,0.0,0.0,12.29
2026-03-06,1.231,1.231,1.232,1.23,310595,3590248580.0,0.16,0.0,0.0,13.97
2026-03-09,1.228,1.218,1.229,1.218,499545,5720996135.0,0.89,-1.06,-0.013,22.46
2026-03-10,1.221,1.219,1.221,1.215,440623,5035169933.0,0.49,0.08,0.001,19.81
2026-03-11,1.218,1.215,1.218,1.215,384649,4388488723.0,0.25,-0.33,-0.004,17.3
2026-03-12,1.215,1.215,1.217,1.213,404668,4612668249.0,0.33,0.0,0.0,18.2
2026-03-13,1.216,1.214,1.217,1.214,374276,4268179647.0,0.25,-0.08,-0.001,16.83
2026-03-16,1.21,1.207,1.211,1.206,410164,4644423824.0,0.41,-0.58,-0.007,18.44
2026-03-17,1.208,1.21,1.21,1.208,328275,3722155942.0,0.17,0.25,0.003,14.76
2026-03-18,1.21,1.212,1.213,1.209,283034,3215578065.0,0.33,0.17,0.002,12.73
2026-03-19,1.212,1.213,1.215,1.21,481454,5481286762.0,0.41,0.08,0.001,21.65
2026-03-20,1.211,1.209,1.212,1.208,433611,4918122960.0,0.33,-0.33,-0.004,19.5
2026-03-23,1.209,1.209,1.211,1.206,395394,4482095811.0,0.41,0.0,0.0,17.78
2026-03-24,1.212,1.216,1.217,1.21,471699,5371862271.0,0.58,0.58,0.007,21.21
2026-03-25,1.218,1.216,1.219,1.216,289271,3303168949.0,0.25,0.0,0.0,13.01
2026-03-26,1.216,1.219,1.22,1.215,269787,3085739309.0,0.41,0.25,0.003,12.13
2026-03-27,1.217,1.216,1.218,1.216,247571,2826896238.0,0.16,-0.25,-0.003,11.13
2026-03-30,1.218,1.219,1.22,1.217,304540,3482026805.0,0.25,0.25,0.003,13.69
2026-03-31,1.218,1.219,1.219,1.217,282419,3229048503.0,0.16,0.0,0.0,12.7
2026-04-01,1.218,1.216,1.218,1.215,242182,2764423548.0,0.25,-0.25,-0.003,10.89
2026-04-02,1.216,1.216,1.217,1.214,283106,3227042459.0,0.25,0.0,0.0,12.73
2026-04-03,1.215,1.215,1.217,1.213,340318,3882051322.0,0.33,-0.08,-0.001,15.3
2026-04-07,1.216,1.219,1.219,1.216,276868,3163661276.0,0.25,0.33,0.004,12.45
2026-04-08,1.217,1.222,1.223,1.216,363146,4159248783.0,0.57,0.25,0.003,16.33
2026-04-09,1.223,1.223,1.225,1.222,324068,3720782825.0,0.25,0.08,0.001,14.57
2026-04-10,1.222,1.224,1.225,1.222,326692,3751426549.0,0.25,0.08,0.001,14.69
2026-04-13,1.226,1.23,1.231,1.226,396720,4579699401.0,0.41,0.49,0.006,17.84
2026-04-14,1.231,1.233,1.235,1.229,410106,4745368703.0,0.49,0.24,0.003,18.44
2026-04-15,1.23,1.232,1.232,1.229,392981,4542850144.0,0.24,-0.08,-0.001,17.67
2026-04-16,1.231,1.229,1.232,1.228,390527,4511345354.0,0.32,-0.24,-0.003,17.56
2026-04-17,1.229,1.235,1.235,1.229,369205,4271739326.0,0.49,0.49,0.006,16.6
2026-04-20,1.237,1.236,1.238,1.234,430269,4996294938.0,0.32,0.08,0.001,19.35
2026-04-21,1.235,1.238,1.239,1.235,339809,3952729850.0,0.32,0.16,0.002,15.28
2026-04-22,1.242,1.244,1.246,1.241,562249,6571391336.0,0.4,0.48,0.006,25.28
2026-04-23,1.242,1.241,1.244,1.239,357329,4166169480.0,0.4,-0.24,-0.003,16.07
2026-04-24,1.24,1.235,1.243,1.235,477070,5550365106.0,0.64,-0.48,-0.006,21.45
